<?xml version="1.0" encoding="UTF-8"?>
<!DOCTYPE mapper
PUBLIC "-//mybatis.org/DTD Mapper 3.0//EN"
"http://mybatis.org/dtd/mybatis-3-mapper.dtd">
<mapper namespace="com.kg.mapper.CategoryMapper">

<!-- <resultMap type="facility" id="facilityResult">
		<result column="C_NAME" property="C_NAME" />
		<result column="C_COLOR" property="C_COLOR"/>
		<result column="F_IMGNAME" property="F_IMGNAME" />
	</resultMap> -->

	<select id="select" parameterType="String" resultType="category">
		SELECT * FROM KG_CATEGORY WHERE C_NUM=#{obj}
	</select>
	<select id="selectall" resultType="category">
		SELECT * FROM KG_CATEGORY
	</select>

	<insert id="insert" parameterType="category">
		INSERT INTO KG_CATEGORY VALUES (#{c_name}, #{c_color}, #{c_imgname})
	</insert>
	
	<update id="update" parameterType="category">
		UPDATE KG_CATEGORY SET ,C_COLOR=#{c_color}, C_IMGNAME=#{c_imgname} WHERE C_NAME=#{c_name} 
	</update>
	
	<delete id="delete" parameterType="String">
		DELETE FROM KG_CATEGORY WHERE C_NAME=#{obj}
	</delete>
	
</mapper>
