<?xml version="1.0" encoding="UTF-8"?>
<!DOCTYPE mapper
PUBLIC "-//mybatis.org/DTD Mapper 3.0//EN"
"http://mybatis.org/dtd/mybatis-3-mapper.dtd">
<mapper namespace="com.kg.mapper.ReservationMapper">
	
	<select id="select" parameterType="Integer" resultType="reservation">
		SELECT * FROM KG_RESERVATION WHERE R_NUM=#{obj}
	</select>
	<select id="selectall" resultType="reservation">
		SELECT R.R_NUM, R.R_TITLE, R.U_ID, R.F_NUM, R.R_DATE, R.R_STARTTIME, R.R_ENDTIME, R.R_TYPE, C.C_COLOR as R_COLOR, F.F_NAME FROM KG_RESERVATION R, KG_FACILITY F, KG_CATEGORY C WHERE R.F_NUM=F.F_NUM AND F.C_NAME=C.C_NAME
	</select>
	<select id="selectMySchedule" parameterType="String" resultType="reservation">
		SELECT R.R_NUM, R.R_TITLE, R.U_ID, R.F_NUM, R.R_DATE, R.R_STARTTIME, R.R_ENDTIME, R.R_TYPE, C.C_COLOR as R_COLOR, F.F_NAME FROM KG_RESERVATION R, KG_FACILITY F, KG_CATEGORY C, KG_SCHEDULE S WHERE R.F_NUM=F.F_NUM AND F.C_NAME=C.C_NAME AND R.R_NUM = S.R_NUM and S.U_ID=#{u_id}
	</select>
	<insert id="insert" parameterType="reservation">
		INSERT INTO KG_RESERVATION VALUES (#{r_title}, #{u_id}, #{f_num}, #{r_date}, #{r_starttime}, #{r_endtime}, #{r_type})
	</insert>
	<update id="update" parameterType="reservation">
		UPDATE KG_RESERVATION SET R_TITLE=#{r_title},F_NUM=#{f_num},R_DATE=#{r_date},R_STARTTIME=#{r_starttime},R_ENDTIME=#{r_endtime},R_TYPE=#{r_type} WHERE R_NUM=#{r_num}
	</update>
	<delete id="delete" parameterType="Integer">
		DELETE FROM KG_RESERVATION WHERE R_NUM=#{obj}
	</delete>
	
	<select id="getRnum" resultType="Integer">
		SELECT MAX(R_NUM) FROM KG_RESERVATION WHERE U_ID=#{u_id}
	</select>
	<insert id="insertSchedule" parameterType="reservation">
		INSERT INTO KG_SCHEDULE VALUES (#{r_num}, #{u_id})
	</insert>
	<select id="getFacilityReservation" parameterType="Integer" resultType="reservation">
		SELECT R.R_NUM, R.R_TITLE, R.U_ID, R.F_NUM, R.R_DATE, R.R_STARTTIME, R.R_ENDTIME, R.R_TYPE, C.C_COLOR as R_COLOR, F.F_NAME FROM KG_RESERVATION R, KG_FACILITY F, KG_CATEGORY C WHERE R.F_NUM=F.F_NUM AND F.C_NAME=C.C_NAME AND R.F_NUM=#{f_num}
	</select>
	<delete id="removeMe" parameterType="reservation">
		DELETE FROM KG_SCHEDULE WHERE R_NUM=#{r_num} AND U_ID=#{u_id}
	</delete>
	
</mapper>
