<?xml version="1.0" encoding="UTF-8"?>
<!DOCTYPE mapper
PUBLIC "-//mybatis.org/DTD Mapper 3.0//EN"
"http://mybatis.org/dtd/mybatis-3-mapper.dtd">
<mapper namespace="com.kg.mapper.UserMapper">
	<resultMap type="user" id="userResult">
		<result column="U_ID" property="U_ID" />
		<result column="U_PWD" property="U_PWD" />
		<result column="U_NAME" property="U_NAME" />
		<result column="U_TEL" property="U_TEL" />
		<result column="U_EMAIL" property="U_EMAIL" />
		<result column="U_ISMANAGER" property="U_ISMANAGER" />
	</resultMap>

	<select id="select" parameterType="String"
		resultType="user">
		SELECT * FROM KG_USER WHERE U_ID=#{obj}
	</select>

	<select id="selectall" resultMap="userResult">
		SELECT * FROM KG_USER
	</select>
	
	<select id="getParticipants" parameterType="Integer" resultType="user">
		SELECT U_ID FROM KG_SCHEDULE WHERE R_NUM=#{r_num}
	</select>

	<insert id="insert" parameterType="user">
		INSERT INTO KG_USER(U_ID,U_PWD,U_NAME,U_TEL,U_EMAIL) VALUES
		(#{u_id},#{u_pwd},#{u_name},#{u_tel},#{u_email})
	</insert>

	<update id="update" parameterType="user">
		UPDATE KG_USER SET
		U_ID=#{u_id},U_PWD=#{u_pwd},U_NAME=#{u_name},U_TEL=#{u_tel},U_EMAIL=#{u_email}, 
		WHERE ID=#{id}
	</update>

	<delete id="delete" parameterType="String">
		DELETE FROM KG_USER WHERE U_ID=#{obj}
	</delete>

</mapper>






