<?xml version="1.0" encoding="UTF-8"?>
<beans xmlns="http://www.springframework.org/schema/beans"
	xmlns:xsi="http://www.w3.org/2001/XMLSchema-instance"
	xmlns:aop="http://www.springframework.org/schema/aop"
	xmlns:context="http://www.springframework.org/schema/context"
	xmlns:p="http://www.springframework.org/schema/p"
	xmlns:tx="http://www.springframework.org/schema/tx"
	xmlns:mvc="http://www.springframework.org/schema/mvc"
	xsi:schemaLocation="http://www.springframework.org/schema/mvc http://www.springframework.org/schema/mvc/spring-mvc-4.2.xsd
		http://www.springframework.org/schema/beans http://www.springframework.org/schema/beans/spring-beans.xsd
		http://www.springframework.org/schema/context http://www.springframework.org/schema/context/spring-context-4.2.xsd
		http://www.springframework.org/schema/aop http://www.springframework.org/schema/aop/spring-aop-4.2.xsd
		http://www.springframework.org/schema/tx http://www.springframework.org/schema/tx/spring-tx-4.2.xsd">
	<context:component-scan base-package="com.*"></context:component-scan>
	<aop:aspectj-autoproxy></aop:aspectj-autoproxy>
	<tx:annotation-driven transaction-manager="txManager"/>
	<mvc:annotation-driven></mvc:annotation-driven>
	
	<!-- ViewResolver -->
 	<bean id="viewResolver" class="org.springframework.web.servlet.view.InternalResourceViewResolver">
 		<property name="prefix" value="/view/"/>
 		<property name="suffix" value=".jsp"/>
 		<property name="order" value="0"/>
 	</bean>
 	
 	 <!-- 1. Database Setting -->
 	<bean id="dataSource" class="org.springframework.jdbc.datasource.DriverManagerDataSource">
 		<property name="driverClassName" value="org.mariadb.jdbc.Driver"/>
 		<property name="url" value="jdbc:mysql://localhost:3306/kg"/>
 		<property name="username" value="admin"/>
 		<property name="password" value="admin"/>
 	</bean>
 	
 	<!-- 2. Transaction Setting -->
 	<bean id="txManager" class="org.springframework.jdbc.datasource.DataSourceTransactionManager">
 		<property name="dataSource" ref="dataSource"/>
 	</bean>
 	
 	<!-- 3. MyBatis Setting-->
 	<bean id="sqlSessionFactory" class="org.mybatis.spring.SqlSessionFactoryBean">
 		<property name="dataSource" ref="dataSource"/>
 		<property name="configLocation" value="classpath:com/config/mybatis.xml"/>
 	</bean>
 	<!-- 4. Spring Mybatis Connect -->
 	<bean id="sqlSessionTemplate" class="org.mybatis.spring.SqlSessionTemplate">
 		<constructor-arg ref="sqlSessionFactory"/>
 	</bean>
 	<!-- 5. Mapper Setting -->
 	<bean class="org.mybatis.spring.mapper.MapperScannerConfigurer">
 		<property name="basePackage" value="com.kg.mapper"/>
 	</bean>
</beans>
